row_number;date_assembly;nc_identifier;databank_id;ng_identifier;symbol;official_name;synonims;start_gene;end_gene;databank_version_id;assembly;name;hg_identifier;date_id
1;2019-02-28T00:00:00.000Z;NC_000011;1;NG_029702;ILK;integrin linked kinase;P59|ILK-1|ILK-2|p59ILK|HEL-S-28;6603707;6610873;1_Build191127-2240m.1;GRCh38.p13;11;hg38;3,32E+12
2;2019-02-28T00:00:00.000Z;NC_000001;1;NG_015837;RAB3GAP2;RAB3 GTPase activating non-catalytic protein subunit 2;p150|SPG69|WARBM2|RAB3GAP150|RAB3-GAP150;220148292;220272452;1_Build191210-0005m.1;GRCh38.p13;1;hg38;3,32E+12
3;2019-02-28T00:00:00.000Z;NC_000021;1;NG_007071;RCAN1;regulator of calcineurin 1;CSP1|DSC1|RCN1|DSCR1|MCIP1|ADAPT78;34516441;34615122;1_Build191127-2240m.1;GRCh38.p13;21;hg38;3,32E+12
4;2019-02-28T00:00:00.000Z;NC_000017;1;NG_008892;TCAP;titin-cap;TELE|CMD1N|CMH25|T-cap|LGMD2G|LGMDR7|telethonin;39665348;39666553;1_Build191127-2240m.1;GRCh38.p13;17;hg38;3,32E+12
5;2019-02-28T00:00:00.000Z;NC_000001;1;NG_015979;NOS1AP;nitric oxide synthase 1 adaptor protein;CAPON|6330408P19Rik;162069690;162370474;1_Build191127-2240m.1;GRCh38.p13;1;hg38;3,32E+12
6;2019-02-28T00:00:00.000Z;NC_000011;1;NG_007566;CD3G;CD3g molecule;T3G|IMD17|CD3-GAMMA;118344343;118353781;1_Build191127-2240m.1;GRCh38.p13;11;hg38;3,32E+12
7;2019-02-28T00:00:00.000Z;NC_000021;1;NG_008804;KCNE2;potassium voltage-gated channel subfamily E regulatory subunit 2;LQT5|LQT6|ATFB4|MIRP1;34364023;34371140;1_Build191127-2240m.1;GRCh38.p13;21;hg38;3,32E+12
8;2019-02-28T00:00:00.000Z;NC_000005;1;NG_008750;FBN2;fibrillin 2;CCA|DA9|EOMD;128257908;128538244;1_Build191127-2240m.1;GRCh38.p13;5;hg38;3,32E+12
9;2019-02-28T00:00:00.000Z;NC_000006;1;NG_030438;TRDN-AS1;TRDN antisense RNA 1;HRAT13;123439603;123471755;1_Build191127-2240m.1;GRCh38.p13;6;hg38;3,32E+12
10;2019-02-28T00:00:00.000Z;NC_000003;1;NG_008975;TMEM43;transmembrane protein 43;LUMA|ARVC5|ARVD5|EDMD7;14124939;14143679;1_Build191127-2240m.1;GRCh38.p13;3;hg38;3,32E+12
11;2019-02-28T00:00:00.000Z;NC_000010;1;NG_032118;MYPN;myopalladin;MYOP|RCM4|CMH22|NEM11|CMD1DD;68087906;68212016;1_Build191127-2240m.1;GRCh38.p13;10;hg38;3,32E+12
12;2019-02-28T00:00:00.000Z;NC_000020;1;NG_023206;ITCH;itchy E3 ubiquitin protein ligase;AIF4|AIP4|ADMFD|NAPP1;34363272;34511772;1_Build191127-2240m.1;GRCh38.p13;20;hg38;3,32E+12
13;2019-02-28T00:00:00.000Z;NC_000016;1;NG_011698;WWOX;WW domain containing oxidoreductase;FOR|WOX1|EIEE28|FRA16D|SCAR12|HHCMA56|PRO0128|SDR41C1|D16S432E;78099653;79212666;1_Build191127-2240m.1;GRCh38.p13;16;hg38;3,32E+12
14;2019-02-28T00:00:00.000Z;NC_000010;1;NG_021177;RBM20;RNA binding motif protein 20;Not available;110641932;110839470;1_Build191127-2240m.1;GRCh38.p13;10;hg38;3,32E+12
15;2019-02-28T00:00:00.000Z;NC_000004;1;NG_027825;ELMOD2;ELMO domain containing 2;9830169G11Rik;140524145;140553769;1_Build191127-2240m.1;GRCh38.p13;4;hg38;3,32E+12
16;2019-02-28T00:00:00.000Z;NC_000010;1;NG_008868;VCL;vinculin;MV|MVCL|CMD1W|CMH15|HEL114;73998113;74121362;1_Build191127-2240m.1;GRCh38.p13;10;hg38;3,32E+12
17;2019-02-28T00:00:00.000Z;NC_000001;1;NG_032939;LRRC53;leucine rich repeat containing 53;Not available;74468979;74540226;1_Build191127-2240m.1;GRCh38.p13;1;hg38;3,32E+12
18;2019-02-28T00:00:00.000Z;NC_000011;1;NG_011833;KCNE3;potassium voltage-gated channel subfamily E regulatory subunit 3;HYPP|HOKPP|MiRP2|BRGDA6;74454840;74467728;1_Build191127-2240m.1;GRCh38.p13;11;hg38;3,32E+12
19;2019-02-28T00:00:00.000Z;NC_000007;1;NG_012964;MIR1285-1;microRNA 1285-1;MIRN1285-1|hsa-mir-1285-1;92204014;92204097;1_Build191127-2240m.1;GRCh38.p13;7;hg38;3,32E+12
20;2019-02-28T00:00:00.000Z;NC_000011;1;NG_027813;KMT2A;lysine methyltransferase 2A;HRX|MLL|MLL1|TRX1|ALL-1|CXXC7|HTRX1|MLL1A|WDSTS;118436489;118526831;1_Build191127-2240m.1;GRCh38.p13;11;hg38;3,32E+12
21;2019-02-28T00:00:00.000Z;NC_000010;1;NG_051555;HKDC1;hexokinase domain containing 1;Not available;69220302;69267551;1_Build191127-2240m.1;GRCh38.p13;10;hg38;3,32E+12
22;2019-02-28T00:00:00.000Z;NC_000022;1;NG_012173;TRMU;tRNA 5-methylaminomethyl-2-thiouridylate methyltransferase;MTO2|MTU1|TRMT|LCAL3|TRMT1;46335713;46357339;1_Build191127-2240m.1;GRCh38.p13;22;hg38;3,32E+12
23;2019-02-28T00:00:00.000Z;NC_000003;1;NG_017076;ARL13B;ADP ribosylation factor like GTPase 13B;JBTS8|ARL2L1;93980138;94055677;1_Build191127-2240m.1;GRCh38.p13;3;hg38;3,32E+12
24;2019-02-28T00:00:00.000Z;NC_000007;1;NG_011807;FLNC;filamin C;ABPA|ABPL|FLN2|MFM5|MPD4|RCM5|CMH26|ABP-280|ABP280A;128830405;128859273;1_Build191127-2240m.1;GRCh38.p13;7;hg38;3,32E+12
25;2019-02-28T00:00:00.000Z;NC_000019;1;NG_023049;POLRMT;RNA polymerase mitochondrial;APOLMT|MTRNAP|MTRPOL|h-mtRPOL;617220;633556;1_Build191127-2240m.1;GRCh38.p13;19;hg38;3,32E+12
26;2019-02-28T00:00:00.000Z;NC_000015;1;NG_027518;CEP152;centrosomal protein 152;MCPH4|MCPH9|SCKL5;48662533;48811903;1_Build191127-2240m.1;GRCh38.p13;15;hg38;3,32E+12
27;2019-02-28T00:00:00.000Z;NC_000012;1;NG_021393;TMPO;thymopoietin;TP|LAP2|CMD1T|LEMD4|PRO0868;98515572;98550378;1_Build191210-0005m.1;GRCh38.p13;12;hg38;3,32E+12
28;2019-02-28T00:00:00.000Z;NC_000011;1;NG_007383;CD3E;CD3e molecule;T3E|TCRE|IMD18;118304729;118316172;1_Build191127-2240m.1;GRCh38.p13;11;hg38;3,32E+12
29;2019-02-28T00:00:00.000Z;NC_000015;1;NG_012244;SMAD6;SMAD family member 6;AOVD2|MADH6|MADH7|HsT17432;66702109;66782848;1_Build191127-2240m.1;GRCh38.p13;15;hg38;3,32E+12
30;2019-02-28T00:00:00.000Z;NC_000019;1;NG_047153;SIRT6;sirtuin 6;SIR2L6;4174108;4182562;1_Build191127-2240m.1;GRCh38.p13;19;hg38;3,32E+12
31;2019-02-28T00:00:00.000Z;NC_000023;1;NG_007995;LAMP2;lysosomal associated membrane protein 2;DND|LAMPB|CD107b|LAMP-2|LGP-96|LGP110;120426147;120469348;1_Build191127-2240m.1;GRCh38.p13;X;hg38;3,32E+12
32;2019-02-28T00:00:00.000Z;NC_000019;1;NG_029850;HNRNPM;heterogeneous nuclear ribonucleoprotein M;CEAR|HNRPM|HTGR1|NAGR1|HNRPM4|HNRNPM4|hnRNP M;8444574;8489113;1_Build191127-2240m.1;GRCh38.p13;19;hg38;3,32E+12
33;2019-02-28T00:00:00.000Z;NC_000008;1;NG_047163;INTS8;integrator complex subunit 8;INT8|NEDCHS|C8orf52;94823286;94894663;1_Build191127-2240m.1;GRCh38.p13;8;hg38;3,32E+12
34;2019-02-28T00:00:00.000Z;NC_000003;1;NG_042789;SLMAP;sarcolemma associated protein;SLAP;57756228;57930012;1_Build191127-2240m.1;GRCh38.p13;3;hg38;3,32E+12
35;2019-02-28T00:00:00.000Z;NC_000009;1;NG_008845;FXN;frataxin;FA|X25|CyaY|FARR|FRDA;69035751;69079075;1_Build191127-2240m.1;GRCh38.p13;9;hg38;3,32E+12
36;2019-02-28T00:00:00.000Z;NC_000004;1;NG_051586;WWC2;WW and C2 domain containing 2;BOMB;183098639;183320776;1_Build191127-2240m.1;GRCh38.p13;4;hg38;3,32E+12
37;2019-02-28T00:00:00.000Z;NC_000012;1;NG_012819;ABCC9;ATP binding cassette subfamily C member 9;SUR2|ABC37|CANTU|CMD1O|ATFB12;21797388;21941862;1_Build191127-2240m.1;GRCh38.p13;12;hg38;3,32E+12
38;2019-02-28T00:00:00.000Z;NC_000004;1;NG_023350;PRSS12;serine protease 12;MRT1|BSSP3|BSSP-3;118280037;118353041;1_Build191127-2240m.1;GRCh38.p13;4;hg38;3,32E+12
39;2019-02-28T00:00:00.000Z;NC_000014;1;NG_007884;MYH7;myosin heavy chain 7;CMH1|MPD1|SPMD|SPMM|CMD1S|MYHCB;23412739;23435676;1_Build191127-2240m.1;GRCh38.p13;14;hg38;3,32E+12
40;2019-02-28T00:00:00.000Z;NC_000012;1;NG_046971;TRHDE;thyrotropin releasing hormone degrading enzyme;PAP-II|PGPEP2|TRH-DE;72087287;72666661;1_Build191127-2240m.1;GRCh38.p13;12;hg38;3,32E+12
41;2019-02-28T00:00:00.000Z;NC_000001;1;NG_053034;GPATCH2;G-patch domain containing 2;Pfa1|CT110|GPATC2|PPP1R30;217426991;217631089;1_Build191210-0005m.1;GRCh38.p13;1;hg38;3,32E+12
42;2019-02-28T00:00:00.000Z;NC_000002;1;NG_034122;MARS2;methionyl-tRNA synthetase 2, mitochondrial;MetRS|COXPD25|mtMetRS;197705368;197708394;1_Build191127-2240m.1;GRCh38.p13;2;hg38;3,32E+12
43;2019-02-28T00:00:00.000Z;NC_000022;1;NG_033052;PI4KA;phosphatidylinositol 4-kinase alpha;PIK4CA|PMGYCHA|pi4K230|PI4K-ALPHA;20707690;20858811;1_Build191127-2240m.1;GRCh38.p13;22;hg38;3,32E+12
44;2019-02-28T00:00:00.000Z;NC_000011;1;NG_029670;VPS11;VPS11 core subunit of CORVET and HOPS complexes;END1|PEP5|HLD12|RNF108|hVPS11;119067751;119081977;1_Build191127-2240m.1;GRCh38.p13;11;hg38;3,32E+12
45;2019-02-28T00:00:00.000Z;NC_000007;1;NG_033878;DPP6;dipeptidyl peptidase like 6;VF2|DPL1|DPPX|MRD33;153748132;154894284;1_Build191127-2240m.1;GRCh38.p13;7;hg38;3,32E+12
46;2019-02-28T00:00:00.000Z;NC_000001;1;NG_009497;USH2A;usherin;US2|RP39|USH2|dJ1111A8.1;215622890;216423447;1_Build191210-0005m.1;GRCh38.p13;1;hg38;3,32E+12
47;2019-02-28T00:00:00.000Z;NC_000015;1;NG_029119;SEMA6D;semaphorin 6D;Not available;47184088;47774222;1_Build191127-2240m.1;GRCh38.p13;15;hg38;3,32E+12
48;2019-02-28T00:00:00.000Z;NC_000015;1;NG_009063;HCN4;hyperpolarization activated cyclic nucleotide gated potassium channel 4;SSS2;73319858;73368957;1_Build191127-2240m.1;GRCh38.p13;15;hg38;3,32E+12
49;2019-02-28T00:00:00.000Z;NC_000010;1;NG_023227;ANKRD1;ankyrin repeat domain 1;ALRP|CARP|C-193|CVARP|MCARP|bA320F15.2;90912099;90921274;1_Build191127-2240m.1;GRCh38.p13;10;hg38;3,32E+12
50;2019-02-28T00:00:00.000Z;NC_000011;1;NG_016283;SCN3B;sodium voltage-gated channel beta subunit 3;SCNB3|ATFB16|BRGDA7|HSA243396;123629186;123654606;1_Build191127-2240m.1;GRCh38.p13;11;hg38;3,32E+12
51;2019-02-28T00:00:00.000Z;NC_000005;1;NG_053151;ANKRD31;ankyrin repeat domain 31;Not available;75068296;75236921;1_Build191127-2240m.1;GRCh38.p13;5;hg38;3,32E+12
52;2019-02-28T00:00:00.000Z;NC_000018;1;NG_009201;DTNA;dystrobrevin alpha;DTN|DRP3|DTN-A|LVNC1|D18S892E;34493289;34891843;1_Build191127-2240m.1;GRCh38.p13;18;hg38;3,32E+12
53;2019-02-28T00:00:00.000Z;NC_000009;1;NG_008754;FKTN;fukutin;FCMD|CMD1X|LGMD2M|MDDGA4|MDDGB4|MDDGC4|LGMDR13;105558116;105655949;1_Build191127-2240m.1;GRCh38.p13;9;hg38;3,32E+12
54;2019-02-28T00:00:00.000Z;NC_000001;1;NG_027721;TGFB2;transforming growth factor beta 2;LDS4|G-TSF|TGF-beta2;218345283;218444618;1_Build191210-0005m.1;GRCh38.p13;1;hg38;3,32E+12
55;2019-02-28T00:00:00.000Z;NC_000007;1;NG_032807;GATAD1;GATA zinc finger domain containing 1;ODAG|CMD2B|RG083M05.2;92447447;92494630;1_Build191127-2240m.1;GRCh38.p13;7;hg38;3,32E+12
56;2019-02-28T00:00:00.000Z;NC_000011;1;NG_047178;ABCG4;ATP binding cassette subfamily G member 4;WHITE2;119149051;119162665;1_Build191127-2240m.1;GRCh38.p13;11;hg38;3,32E+12
57;2019-02-28T00:00:00.000Z;NC_000020;1;NG_011622;SNTA1;syntrophin alpha 1;SNT1|LQT12|TACIP1|dJ1187J4.5;33407956;33443852;1_Build191127-2240m.1;GRCh38.p13;20;hg38;3,32E+12
58;2019-02-28T00:00:00.000Z;NC_000020;1;NG_011497;PIGU;phosphatidylinositol glycan anchor biosynthesis class U;GAB1|CDC91L1|GPIBD21;34560541;34677284;1_Build191127-2240m.1;GRCh38.p13;20;hg38;3,32E+12
59;2019-02-28T00:00:00.000Z;NC_000001;1;NG_027669;UBR4;ubiquitin protein ligase E3 component n-recognin 4;p600|ZUBR1|RBAF600;19074507;19214331;1_Build191127-2240m.1;GRCh38.p13;1;hg38;3,32E+12
60;2019-02-28T00:00:00.000Z;NC_000017;1;NG_008798;KCNJ2;potassium inwardly rectifying channel subfamily J member 2;IRK1|LQT7|SQT3|ATFB9|HHIRK1|KIR2.1|HHBIRK1;70169531;70180043;1_Build191127-2240m.1;GRCh38.p13;17;hg38;3,32E+12
61;2019-02-28T00:00:00.000Z;NC_000019;1;NG_050684;LRRC8E;leucine rich repeat containing 8 VRAC subunit E;Not available;7888504;7902022;1_Build191127-2240m.1;GRCh38.p13;19;hg38;3,32E+12
62;2019-02-28T00:00:00.000Z;NC_000009;1;NG_007461;TGFBR1;transforming growth factor beta receptor 1;AAT5|ALK5|ESS1|LDS1|MSSE|SKR4|TBRI|ALK-5|LDS1A|LDS2A|TBR-i|TGFR-1|ACVRLK4|tbetaR-I;99104037;99154191;1_Build191127-2240m.1;GRCh38.p13;9;hg38;3,32E+12
63;2019-02-28T00:00:00.000Z;NC_000018;1;NG_007072;DSG2;desmoglein 2;HDGC|CDHF5;31498176;31549007;1_Build191127-2240m.1;GRCh38.p13;18;hg38;3,32E+12
64;2019-02-28T00:00:00.000Z;NC_000003;1;NG_007490;TGFBR2;transforming growth factor beta receptor 2;AAT3|FAA3|LDS2|MFS2|RIIC|LDS1B|LDS2B|TAAD2|TBRII|TBR-ii|TGFR-2|TGFbeta-RII;30606471;30694141;1_Build191127-2240m.1;GRCh38.p13;3;hg38;3,32E+12
65;2019-02-28T00:00:00.000Z;NC_000001;1;NG_032011;KCND3;potassium voltage-gated channel subfamily D member 3;KV4.3|SCA19|SCA22|BRGDA9|KCND3L|KCND3S|KSHIVB;111770661;111989576;1_Build191127-2240m.1;GRCh38.p13;1;hg38;3,32E+12
66;2019-02-28T00:00:00.000Z;NC_000007;1;NG_007873;BRAF;B-Raf proto-oncogene, serine/threonine kinase;NS7|B-raf|BRAF1|RAFB1|B-RAF1;140719330;140924928;1_Build191127-2240m.1;GRCh38.p13;7;hg38;3,32E+12
67;2019-02-28T00:00:00.000Z;NC_000001;1;NG_032153;SLC30A10;solute carrier family 30 member 10;ZNT8|ZRC1|HMDPC|ZNT10|ZnT-10|HMNDYT1;219910394;219960103;1_Build191210-0005m.1;GRCh38.p13;1;hg38;3,32E+12
68;2019-02-28T00:00:00.000Z;NC_000007;1;NG_012964;KRIT1;KRIT1 ankyrin repeat containing;CAM|CCM1;92198968;92246099;1_Build191127-2240m.1;GRCh38.p13;7;hg38;3,32E+12
69;2019-02-28T00:00:00.000Z;NC_000006;1;NG_047030;ABCF1;ATP binding cassette subfamily F member 1;ABC27|ABC50;30571441;30591521;1_Build191127-2240m.1;GRCh38.p13;6;hg38;3,32E+12
70;2019-02-28T00:00:00.000Z;NC_000009;1;NG_008030;COL5A1;collagen type V alpha 1 chain;EDSC|EDSCL1;134641788;134844842;1_Build191127-2240m.1;GRCh38.p13;9;hg38;3,32E+12
71;2019-02-28T00:00:00.000Z;NC_000003;1;NG_031891;SCN10A;sodium voltage-gated channel alpha subunit 10;PN3|SNS|hPN3|FEPS2|Nav1.8;38697109;38794009;1_Build191127-2240m.1;GRCh38.p13;3;hg38;3,32E+12
72;2019-02-28T00:00:00.000Z;NC_000007;1;NG_011623;AKAP9;A-kinase anchoring protein 9;LQT11|PRKA9|AKAP-9|CG-NAP|YOTIAO|AKAP350|AKAP450|PPP1R45|HYPERION|MU-RMS-40.16A;91940861;92112907;1_Build191127-2240m.1;GRCh38.p13;7;hg38;3,32E+12
73;2019-02-28T00:00:00.000Z;NC_000008;1;NG_008177;GATA4;GATA binding protein 4;TOF|ASD2|VSD1|TACHD;11676930;11760001;1_Build191127-2240m.1;GRCh38.p13;8;hg38;3,32E+12
74;2019-02-28T00:00:00.000Z;NC_000007;1;NG_017016;ASB10;ankyrin repeat and SOCS box containing 10;GLC1F;151175697;151187791;1_Build191127-2240m.1;GRCh38.p13;7;hg38;3,32E+12
75;2019-02-28T00:00:00.000Z;NC_000003;1;NG_054720;SIDT1;SID1 transmembrane family member 1;SID1|SID-1;113532295;113629578;1_Build191127-2240m.1;GRCh38.p13;3;hg38;3,32E+12
76;2019-02-28T00:00:00.000Z;NC_000016;1;NG_009299;MYH11;myosin heavy chain 11;AAT4|FAA4|SMHC|SMMHC;15703134;15857031;1_Build191127-2240m.1;GRCh38.p13;16;hg38;3,32E+12
77;2019-02-28T00:00:00.000Z;NC_000015;1;NG_007557;TPM1;tropomyosin 1;CMH3|TMSA|CMD1Y|LVNC9|C15orf13|HEL-S-265|HTM-alpha;63042697;63071914;1_Build191127-2240m.1;GRCh38.p13;15;hg38;3,32E+12
78;2019-02-28T00:00:00.000Z;NC_000020;1;NG_015820;CHMP4B;charged multivesicular body protein 4B;SNF7|CTPP3|Shax1|CHMP4A|SNF7-2|VPS32B|CTRCT31|Vps32-2|C20orf178|dJ553F4.4;33811347;33854365;1_Build191127-2240m.1;GRCh38.p13;20;hg38;3,32E+12
79;2019-02-28T00:00:00.000Z;NC_000016;1;NG_051639;CTRL;chymotrypsin like;CTRL1;67929573;67931861;1_Build191127-2240m.1;GRCh38.p13;16;hg38;3,32E+12
80;2019-02-28T00:00:00.000Z;NC_000012;1;NG_041794;KCNJ8;potassium inwardly rectifying channel subfamily J member 8;KIR6.1|uKATP-1;21764954;21775592;1_Build191127-2240m.1;GRCh38.p13;12;hg38;3,32E+12
81;2019-02-28T00:00:00.000Z;NC_000011;1;NG_007375;CCND1;cyclin D1;BCL1|PRAD1|U21B31|D11S287E;69641155;69654473;1_Build191127-2240m.1;GRCh38.p13;11;hg38;3,32E+12
82;2019-02-28T00:00:00.000Z;NC_000009;1;NG_046789;PMPCA;peptidase, mitochondrial processing subunit alpha;CLA1|CPD3|P-55|SCAR2|INPP5E|Alpha-MPP;136410572;136423760;1_Build191127-2240m.1;GRCh38.p13;9;hg38;3,32E+12
83;2019-02-28T00:00:00.000Z;NC_000003;1;NG_029111;MYLK;myosin light chain kinase;KRP|AAT7|MLCK|MLCK1|MMIHS|MYLK1|smMLCK|MLCK108|MLCK210|MSTP083;123610048;123884331;1_Build191210-0005m.1;GRCh38.p13;3;hg38;3,32E+12
84;2019-02-28T00:00:00.000Z;NC_000001;1;NG_047148;KCTD3;potassium channel tetramerization domain containing 3;NY-REN-45;215567303;215621806;1_Build191210-0005m.1;GRCh38.p13;1;hg38;3,32E+12
85;2019-02-28T00:00:00.000Z;NC_000020;1;NG_032899;PROCR;protein C receptor;CCCA|EPCR|CCD41;35172071;35215988;1_Build191127-2240m.1;GRCh38.p13;20;hg38;3,32E+12
86;2019-02-28T00:00:00.000Z;NC_000020;1;NG_008101;VSX1;visual system homeobox 1;PPD|KTCN|PPCD|RINX|KTCN1|PPCD1|CAASDS;25069939;25082378;1_Build191127-2240m.1;GRCh38.p13;20;hg38;3,32E+12
87;2019-02-28T00:00:00.000Z;NC_000007;1;NG_051802;UPP1;uridine phosphorylase 1;UP|UPP|UPASE|UDRPASE;48088307;48108745;1_Build191127-2240m.1;GRCh38.p13;7;hg38;3,32E+12
88;2019-02-28T00:00:00.000Z;NC_000022;1;NG_016235;SCO2;synthesis of cytochrome C oxidase 2;TP|MYP6|TYMP|ECGF1|SCO1L|CEMCOX1|PD-ECGF|TdRPase|Gliostatin;50523567;50526438;1_Build191127-2240m.1;GRCh38.p13;22;hg38;3,32E+12
89;2019-02-28T00:00:00.000Z;NC_000017;1;NG_008889;SGCA;sarcoglycan alpha;ADL|DAG2|50DAG|DMDA2|LGMD2D|LGMDR3|SCARMD1|adhalin;50165516;50175927;1_Build191127-2240m.1;GRCh38.p13;17;hg38;3,32E+12
90;2019-02-28T00:00:00.000Z;NC_000001;1;NG_051945;SLC6A17;solute carrier family 6 member 17;NTT4|MRT48;110150493;110202201;1_Build191127-2240m.1;GRCh38.p13;1;hg38;3,32E+12
91;2019-02-28T00:00:00.000Z;NC_000001;1;NG_032939;FPGT-TNNI3K;FPGT-TNNI3K readthrough;CARK|TNNI3K;74198211;74544431;1_Build191127-2240m.1;GRCh38.p13;1;hg38;3,32E+12
92;2019-02-28T00:00:00.000Z;NC_000006;1;NG_052793;MYLK4;myosin light chain kinase family member 4;SgK085;2663628;2770375;1_Build191127-2240m.1;GRCh38.p13;6;hg38;3,32E+12
93;2019-02-28T00:00:00.000Z;NC_000001;1;NG_050918;SLC2A5;solute carrier family 2 member 5;GLUT5|GLUT-5;9035105;9072258;1_Build191127-2240m.1;GRCh38.p13;1;hg38;3,32E+12
94;2019-02-28T00:00:00.000Z;NC_000017;1;NG_027678;TOP2A;DNA topoisomerase II alpha;TOP2|TP2A;40388524;40417901;1_Build191127-2240m.1;GRCh38.p13;17;hg38;3,32E+12
95;2019-02-28T00:00:00.000Z;NC_000019;1;NG_051189;PRSS57;serine protease 57;NSP4|PRSSL1|UNQ782;685545;695451;1_Build191127-2240m.1;GRCh38.p13;19;hg38;3,32E+12
96;2019-02-28T00:00:00.000Z;NC_000016;1;NG_009171;CTF1;cardiotrophin 1;CT1|CT-1;30895823;30903559;1_Build191127-2240m.1;GRCh38.p13;16;hg38;3,32E+12
97;2019-02-28T00:00:00.000Z;NC_000003;1;NG_009058;CASR;calcium sensing receptor;CAR|FHH|FIH|HHC|EIG8|HHC1|NSHPT|PCAR1|hCasR|GPRC2A|HYPOC1;122183667;122291628;1_Build191127-2240m.1;GRCh38.p13;3;hg38;3,32E+12
98;2019-02-28T00:00:00.000Z;NC_000012;1;NG_007524;KRAS;KRAS proto-oncogene, GTPase;NS|NS3|OES|CFC2|RALD|K-Ras|KRAS1|KRAS2|RASK2|KI-RAS|C-K-RAS|K-RAS2A|K-RAS2B|K-RAS4A|K-RAS4B|K-Ras 2|'C-K-RAS|c-Ki-ras|c-Ki-ras2;25205245;25250928;1_Build191127-2240m.1;GRCh38.p13;12;hg38;3,32E+12
99;2019-02-28T00:00:00.000Z;NC_000003;1;NG_023375;GPD1L;glycerol-3-phosphate dehydrogenase 1 like;GPD1-L;32106510;32168714;1_Build191127-2240m.1;GRCh38.p13;3;hg38;3,32E+12
100;2019-02-28T00:00:00.000Z;NC_000014;1;NG_023444;MYH6;myosin heavy chain 6;ASD3|MYHC|SSS3|CMH14|MYHCA|CMD1EE|alpha-MHC;23381989;23408276;1_Build191127-2240m.1;GRCh38.p13;14;hg38;3,32E+12
101;2019-02-28T00:00:00.000Z;NC_000003;1;NG_008963;TNNC1;troponin C1, slow skeletal and cardiac type;TNC|TN-C|TNNC|CMD1Z|CMH13;52451099;52454040;1_Build191127-2240m.1;GRCh38.p13;3;hg38;3,32E+12
102;2019-02-28T00:00:00.000Z;NC_000006;1;NG_051927;SASH1;SAM and SH3 domain containing 1;DUH1|CAPOK|SH3D6A|dJ323M4.1;148193439;148552049;1_Build191127-2240m.1;GRCh38.p13;6;hg38;3,32E+12
103;2019-02-28T00:00:00.000Z;NC_000012;1;NG_009000;PKP2;plakophilin 2;ARVD9;32790745;32896845;1_Build191127-2240m.1;GRCh38.p13;12;hg38;3,32E+12
104;2019-02-28T00:00:00.000Z;NC_000001;1;NG_053034;GPATCH2;G-patch domain containing 2;Pfa1|CT110|GPATC2|PPP1R30;217426991;217631089;1_Build191127-2240m.1;GRCh38.p13;1;hg38;3,32E+12
105;2019-02-28T00:00:00.000Z;NC_000004;1;NG_029067;FGF2;fibroblast growth factor 2;BFGF|FGFB|FGF-2|HBGF-2;122826707;122898235;1_Build191127-2240m.1;GRCh38.p13;4;hg38;3,32E+12
106;2019-02-28T00:00:00.000Z;NC_000011;1;NG_047106;UBE4A;ubiquitination factor E4A;E4|UFD2|UBOX2;118359599;118399210;1_Build191127-2240m.1;GRCh38.p13;11;hg38;3,32E+12
107;2019-02-28T00:00:00.000Z;NC_000023;1;NG_008677;EMD;emerin;STA|EDMD|LEMD5;154379235;154381522;1_Build191127-2240m.1;GRCh38.p13;X;hg38;3,32E+12
108;2019-02-28T00:00:00.000Z;NC_000019;1;NG_051331;CALM3;calmodulin 3;CaM|CALM|CAM1|CAM2|CAMB|PHKD|PHKD3|CaMIII|HEL-S-72;46601073;46610781;1_Build191127-2240m.1;GRCh38.p13;19;hg38;3,32E+12
109;2019-02-28T00:00:00.000Z;NC_000006;1;NG_008803;DSP;desmoplakin;DP|DCWHKTA;7541670;7586713;1_Build191127-2240m.1;GRCh38.p13;6;hg38;3,32E+12
110;2019-02-28T00:00:00.000Z;NC_000012;1;NG_008801;CACNA1C;calcium voltage-gated channel subunit alpha1 C;TS|LQT8|CACH2|CACN2|CaV1.2|CCHL1A1|CACNL1A1|TS. LQT8;1969551;2697949;1_Build191127-2240m.1;GRCh38.p13;12;hg38;3,32E+12
111;2019-02-28T00:00:00.000Z;NC_000019;1;NG_032759;DNAAF3;dynein axonemal assembly factor 3;PCD|DAB1|PF22|CILD2|C19orf51;55158660;55166721;1_Build191127-2240m.1;GRCh38.p13;19;hg38;3,32E+12
112;2019-02-28T00:00:00.000Z;NC_000006;1;NG_008209;LAMA4;laminin subunit alpha 4;LAMA3|CMD1JJ|LAMA4*-1;112107930;112254721;1_Build191127-2240m.1;GRCh38.p13;6;hg38;3,32E+12
113;2019-02-28T00:00:00.000Z;NC_000007;1;NG_027670;THSD7A;thrombospondin type 1 domain containing 7A;Not available;11370364;11832197;1_Build191127-2240m.1;GRCh38.p13;7;hg38;3,32E+12
114;2019-02-28T00:00:00.000Z;NC_000017;1;NG_009090;JUP;junction plakoglobin;DP3|PDGB|PKGB|CTNNG|DPIII;41754606;41786767;1_Build191127-2240m.1;GRCh38.p13;17;hg38;3,32E+12
115;2019-02-28T00:00:00.000Z;NC_000002;1;NG_051365;FSIP2-AS1;FSIP2 antisense RNA 1;Not available;185783690;185800150;1_Build191127-2240m.1;GRCh38.p13;2;hg38;3,32E+12
116;2019-02-28T00:00:00.000Z;NC_000004;1;NG_046954;HAND2;heart and neural crest derivatives expressed 2;Hed|dHand|DHAND2|Thing2|bHLHa26;173526090;173530228;1_Build191127-2240m.1;GRCh38.p13;4;hg38;3,32E+12
117;2019-02-28T00:00:00.000Z;NC_000009;1;NG_051233;SNAPC4;small nuclear RNA activating complex polypeptide 4;SNAP190|PTFalpha;136375568;136400219;1_Build191127-2240m.1;GRCh38.p13;9;hg38;3,32E+12
118;2019-02-28T00:00:00.000Z;NC_000011;1;NG_009891;CD3D;CD3d molecule;T3D|IMD19|CD3-DELTA;118338953;118342743;1_Build191127-2240m.1;GRCh38.p13;11;hg38;3,32E+12
119;2019-02-28T00:00:00.000Z;NC_000015;1;NG_054748;ALPK3;alpha kinase 3;MAK|CMH27|MIDORI;84816679;84873481;1_Build191127-2240m.1;GRCh38.p13;15;hg38;3,32E+12
120;2019-02-28T00:00:00.000Z;NC_000002;1;NG_007404;COL3A1;collagen type III alpha 1 chain;EDS4A|EDSVASC|PMGEDSV;188974372;189012745;1_Build191127-2240m.1;GRCh38.p13;2;hg38;3,32E+12
121;2019-02-28T00:00:00.000Z;NC_000001;1;NG_007381;PSEN2;presenilin 2;AD4|PS2|AD3L|STM2|CMD1V;226870571;226903828;1_Build191127-2240m.1;GRCh38.p13;1;hg38;3,32E+12
122;2019-02-28T00:00:00.000Z;NC_000020;1;NG_046988;E2F1;E2F transcription factor 1;RBP3|E2F-1|RBAP1|RBBP3;33675476;33686384;1_Build191127-2240m.1;GRCh38.p13;20;hg38;3,32E+12
123;2019-02-28T00:00:00.000Z;NC_000015;1;NG_008805;FBN1;fibrillin 1;FBN|SGS|WMS|MASS|MFLS|MFS1|OCTD|SSKS|WMS2|ACMICD|ECTOL1|GPHYSD2;48408305;48645787;1_Build191127-2240m.1;GRCh38.p13;15;hg38;3,32E+12
124;2019-02-28T00:00:00.000Z;NC_000023;1;NG_011506;FLNA;filamin A;FLN|FMD|MNS|OPD|ABPX|CSBS|CVD1|FGS2|FLN1|NHBP|OPD1|OPD2|XLVD|XMVD|FLN-A|ABP-280;154348530;154374637;1_Build191127-2240m.1;GRCh38.p13;X;hg38;3,32E+12
125;2019-02-28T00:00:00.000Z;NC_000010;1;NG_016195;CACNB2;calcium voltage-gated channel auxiliary subunit beta 2;CAB2|MYSB|CAVB2|CACNLB2;18140423;18545880;1_Build191127-2240m.1;GRCh38.p13;10;hg38;3,32E+12
126;2019-02-28T00:00:00.000Z;NC_000010;1;NG_016125;BAG3;BAG cochaperone 3;BIS|MFM6|BAG-3|CAIR-1;119651369;119677818;1_Build191127-2240m.1;GRCh38.p13;10;hg38;3,32E+12
127;2019-02-28T00:00:00.000Z;NC_000011;1;NG_042217;SCN2B;sodium voltage-gated channel beta subunit 2;ATFB14;118162805;118176638;1_Build191127-2240m.1;GRCh38.p13;11;hg38;3,32E+12
128;2019-02-28T00:00:00.000Z;NC_000020;1;NG_016984;MYH7B;myosin heavy chain 7B;MHC14|MYH14;34955867;35002436;1_Build191127-2240m.1;GRCh38.p13;20;hg38;3,32E+12
129;2019-02-28T00:00:00.000Z;NC_000007;1;NG_007486;PRKAG2-AS1;PRKAG2 antisense RNA 1;Not available;151877041;151879222;1_Build191127-2240m.1;GRCh38.p13;7;hg38;3,32E+12
130;2019-02-28T00:00:00.000Z;NC_000019;1;NG_031959;CALR3;calreticulin 3;CRT2|CT93|CMH19;16479056;16496191;1_Build191127-2240m.1;GRCh38.p13;19;hg38;3,32E+12
131;2019-02-28T00:00:00.000Z;NC_000018;1;NG_033272;MIB1;mindbomb E3 ubiquitin protein ligase 1;MIB|DIP1|ZZZ6|DIP-1|LVNC7|ZZANK2;21740792;21870956;1_Build191127-2240m.1;GRCh38.p13;18;hg38;3,32E+12
132;2019-02-28T00:00:00.000Z;NC_000020;1;NG_046961;TNFRSF6B;TNF receptor superfamily member 6b;M68|TR6|DCR3|M68E|DJ583P15.1.1;63696651;63698683;1_Build191127-2240m.1;GRCh38.p13;20;hg38;3,32E+12
133;2019-02-28T00:00:00.000Z;NC_000007;1;NG_008916;KCNH2;potassium voltage-gated channel subfamily H member 2;ERG1|HERG|LQT2|SQT1|ERG-1|H-ERG|HERG1|Kv11.1;150944955;150978320;1_Build191127-2240m.1;GRCh38.p13;7;hg38;3,32E+12
134;2019-02-28T00:00:00.000Z;NC_000002;1;NG_051363;TTN-AS1;TTN antisense RNA 1;Not available;178522826;178620216;1_Build191127-2240m.1;GRCh38.p13;2;hg38;3,32E+12
135;2019-02-28T00:00:00.000Z;NC_000007;1;NG_051961;ZNF862;zinc finger protein 862;Not available;149838374;149867478;1_Build191127-2240m.1;GRCh38.p13;7;hg38;3,32E+12
136;2019-02-28T00:00:00.000Z;NC_000019;1;NG_007996;MAP2K2;mitogen-activated protein kinase kinase 2;CFC4|MEK2|MKK2|MAPKK2|PRKMK2;4090320;4124183;1_Build191127-2240m.1;GRCh38.p13;19;hg38;3,32E+12
137;2019-02-28T00:00:00.000Z;NC_000007;1;NG_053086;AGAP3;ArfGAP with GTPase domain, ankyrin repeat and PH domain 3;CRAG|AGAP-3|CENTG3|MRIP-1|cnt-g3;151085866;151144434;1_Build191127-2240m.1;GRCh38.p13;7;hg38;3,32E+12
138;2019-02-28T00:00:00.000Z;NC_000020;1;NG_008848;GSS;glutathione synthetase;GSHS|HEL-S-64p|HEL-S-88n;34928431;34956026;1_Build191127-2240m.1;GRCh38.p13;20;hg38;3,32E+12
139;2019-02-28T00:00:00.000Z;NC_000002;1;NG_011618;LOC101927055;uncharacterized LOC101927055;Not available;178776925;178779962;1_Build191127-2240m.1;GRCh38.p13;2;hg38;3,32E+12
140;2019-02-28T00:00:00.000Z;NC_000011;1;NG_016808;CBL;Cbl proto-oncogene;CBL2|NSLL|C-CBL|RNF55|FRA11B;119206338;119308148;1_Build191127-2240m.1;GRCh38.p13;11;hg38;3,32E+12
141;2019-02-28T00:00:00.000Z;NC_000001;1;NG_006672;ACTA1;actin alpha 1, skeletal muscle;ACTA|ASMA|CFTD|MPFD|NEM1|NEM2|NEM3|SHPM|CFTD1|CFTDM;229431244;229434093;1_Build191127-2240m.1;GRCh38.p13;1;hg38;3,32E+12
142;2019-02-28T00:00:00.000Z;NC_000012;1;NG_016389;ALG10;ALG10 alpha-1,2-glucosyltransferase;DIE2|KCR1|ALG10A;34022314;34035295;1_Build191127-2240m.1;GRCh38.p13;12;hg38;3,32E+12
143;2019-02-28T00:00:00.000Z;NC_000005;1;NG_013340;NKX2-5;NK2 homeobox 5;CSX|CSX1|VSD3|CHNG5|HLHS2|NKX2E|NKX2.5|NKX4-1;173232108;173235320;1_Build191127-2240m.1;GRCh38.p13;5;hg38;3,32E+12
144;2019-02-28T00:00:00.000Z;NC_000004;1;NG_013001;SLC25A4;solute carrier family 25 member 4;T1|ANT|AAC1|ANT1|PEO2|PEO3|ANT 1|PEOA2|MTDPS12|MTDPS12A;185143265;185150381;1_Build191127-2240m.1;GRCh38.p13;4;hg38;3,32E+12
145;2019-02-28T00:00:00.000Z;NC_000001;1;NG_041799;MIR194-1;microRNA 194-1;MIRN194-1|mir-194-1;220118156;220118240;1_Build191210-0005m.1;GRCh38.p13;1;hg38;3,32E+12
146;2019-02-28T00:00:00.000Z;NC_000015;1;NG_021301;SLC12A1;solute carrier family 12 member 1;BSC1|NKCC2;48206301;48304077;1_Build191127-2240m.1;GRCh38.p13;15;hg38;3,32E+12
147;2019-02-28T00:00:00.000Z;NC_000014;1;NG_011756;SYNE2;spectrin repeat containing nuclear envelope protein 2;NUA|EDMD5|KASH2|Nesp2|TROPH|NUANCE|SYNE-2|Nesprin-2;63761903;64226448;1_Build191127-2240m.1;GRCh38.p13;14;hg38;3,32E+12
148;2019-02-28T00:00:00.000Z;NC_000014;1;NG_051089;UBR7;ubiquitin protein ligase E3 component n-recognin 7;C14orf130;93207055;93229214;1_Build191127-2240m.1;GRCh38.p13;14;hg38;3,32E+12
149;2019-02-28T00:00:00.000Z;NC_000020;1;NG_012630;AHCY;adenosylhomocysteinase;SAHH|adoHcyase;34235011;34311975;1_Build191127-2240m.1;GRCh38.p13;20;hg38;3,32E+12
150;2019-02-28T00:00:00.000Z;NC_000011;1;NG_051953;ARCN1;archain 1;COPD|SRMMD;118572386;118603032;1_Build191127-2240m.1;GRCh38.p13;11;hg38;3,32E+12
151;2019-02-28T00:00:00.000Z;NC_000006;1;NG_030438;TRDN;triadin;TDN|CPVT5|TRISK;123216338;123637092;1_Build191127-2240m.1;GRCh38.p13;6;hg38;3,32E+12
152;2019-02-28T00:00:00.000Z;NC_000017;1;NG_009822;GAA;glucosidase alpha, acid;LYAG;80101534;80119880;1_Build191127-2240m.1;GRCh38.p13;17;hg38;3,32E+12
153;2019-02-28T00:00:00.000Z;NC_000010;1;NG_008876;LDB3;LIM domain binding 3;MFM4|ZASP|CMD1C|CMH24|CMPD3|LVNC3|CYPHER|LDB3Z1|LDB3Z4|ORACLE|PDLIM6;86666787;86736071;1_Build191127-2240m.1;GRCh38.p13;10;hg38;3,32E+12
154;2019-02-28T00:00:00.000Z;NC_000004;1;NG_034216;VEGFC;vascular endothelial growth factor C;VRP|Flt4-L|LMPH1D|LMPHM4;176683537;176792921;1_Build191127-2240m.1;GRCh38.p13;4;hg38;3,32E+12
155;2019-02-28T00:00:00.000Z;NC_000001;1;NG_053033;PLEKHM2;pleckstrin homology and RUN domain containing M2;SKIP;15681505;15734768;1_Build191127-2240m.1;GRCh38.p13;1;hg38;3,32E+12
156;2019-02-28T00:00:00.000Z;NC_000003;1;NG_007555;MYL3;myosin light chain 3;CMH8|VLC1|VLCl|MLC1V|MLC1SB|MLC-lV/sb;46857871;46863443;1_Build191127-2240m.1;GRCh38.p13;3;hg38;3,32E+12
157;2019-02-28T00:00:00.000Z;NC_000023;1;NG_015895;FHL1;four and a half LIM domains 1;KYOT|SLIM|FCMSU|FHL-1|FHL1A|FHL1B|FLH1A|SLIM1|XMPMA|RBMX1A|RBMX1B|SLIM-1|SLIMMER;136146701;136211358;1_Build191127-2240m.1;GRCh38.p13;X;hg38;3,32E+12
158;2019-02-28T00:00:00.000Z;NC_000022;1;NG_023326;ARVCF;ARVCF delta catenin family member;Not available;19966726;20016822;1_Build191127-2240m.1;GRCh38.p13;22;hg38;3,32E+12
159;2019-02-28T00:00:00.000Z;NC_000011;1;NG_050577;CCDC84;coiled-coil domain containing 84;DLNB14;118998116;119015792;1_Build191127-2240m.1;GRCh38.p13;11;hg38;3,32E+12
160;2019-02-28T00:00:00.000Z;NC_000015;1;NG_007557;TPM1-AS;TPM1 antisense RNA;TPM1-AS1;63046033;63049386;1_Build191127-2240m.1;GRCh38.p13;15;hg38;3,32E+12
161;2019-02-28T00:00:00.000Z;NC_000012;1;NG_008801;CACNA1C-AS4;CACNA1C antisense RNA 4;Not available;2220536;2223480;1_Build191127-2240m.1;GRCh38.p13;12;hg38;3,32E+12
162;2019-02-28T00:00:00.000Z;NC_000023;1;NG_007119;GLA;galactosidase alpha;GALA;101397790;101408012;1_Build191127-2240m.1;GRCh38.p13;X;hg38;3,32E+12
163;2019-02-28T00:00:00.000Z;NC_000004;1;NG_029747;MYOZ2;myozenin 2;CS-1|CMH16|C4orf5|FATZ-2;119135783;119187788;1_Build191127-2240m.1;GRCh38.p13;4;hg38;3,32E+12
164;2019-02-28T00:00:00.000Z;NC_000020;1;NG_011520;ACSS2;acyl-CoA synthetase short chain family member 2;ACS|ACSA|ACAS2|ACECS|AceCS1|dJ1161H23.1;34874941;34927965;1_Build191127-2240m.1;GRCh38.p13;20;hg38;3,32E+12
165;2019-02-28T00:00:00.000Z;NC_000006;1;NG_034012;MDN1;midasin AAA ATPase 1;Rea1;89642497;89828020;1_Build191127-2240m.1;GRCh38.p13;6;hg38;3,32E+12
166;2019-02-28T00:00:00.000Z;NC_000018;1;NG_008208;DSC2;desmocollin 2;DG2|DSC3|CDHF2|ARVD11|DGII/III;31058839;31102420;1_Build191127-2240m.1;GRCh38.p13;18;hg38;3,32E+12
167;2019-02-28T00:00:00.000Z;NC_000021;1;NG_050643;NRIP1;nuclear receptor interacting protein 1;CAKUT3|RIP140;14961234;15065902;1_Build191127-2240m.1;GRCh38.p13;21;hg38;3,32E+12
168;2019-02-28T00:00:00.000Z;NC_000016;1;NG_009797;JPH3;junctophilin 3;JP3|HDL2|JP-3|TNRC22|CAGL237;87601834;87698155;1_Build191127-2240m.1;GRCh38.p13;16;hg38;3,32E+12
169;2019-02-28T00:00:00.000Z;NC_000007;1;NG_007486;PRKAG2;protein kinase AMP-activated non-catalytic subunit gamma 2;AAKG|CMH6|WPWS|AAKG2|H91620p;151556113;151877114;1_Build191127-2240m.1;GRCh38.p13;7;hg38;3,32E+12
170;2019-02-28T00:00:00.000Z;NC_000009;1;NG_008030;COL5A1;collagen type V alpha 1 chain;EDSC|EDSCL1;134641788;134844842;1_Build191210-0005m.1;GRCh38.p13;9;hg38;3,32E+12
171;2019-02-28T00:00:00.000Z;NC_000002;1;NG_011799;COL5A2;collagen type V alpha 2 chain;EDSC|EDSCL2;189031897;189225300;1_Build191210-0005m.1;GRCh38.p13;2;hg38;3,32E+12
172;2019-02-28T00:00:00.000Z;NC_000007;1;NG_053086;TMUB1;transmembrane and ubiquitin like domain containing 1;DULP|SB144|C7orf21;151081084;151083492;1_Build191127-2240m.1;GRCh38.p13;7;hg38;3,32E+12
173;2019-02-28T00:00:00.000Z;NC_000011;1;NG_008093;HMBS;hydroxymethylbilane synthase;UPS|PBGD|PORC|PBG-D;119084863;119093548;1_Build191127-2240m.1;GRCh38.p13;11;hg38;3,32E+12
174;2019-02-28T00:00:00.000Z;NC_000011;1;NG_008918;DPAGT1;dolichyl-phosphate N-acetylglucosaminephosphotransferase 1;GPT|ALG7|DGPT|G1PT|UAGT|UGAT|CDG1J|CMS13|DPAGT|CDG-Ij|CMSTA2|DPAGT2|D11S366;119096504;119101883;1_Build191127-2240m.1;GRCh38.p13;11;hg38;3,32E+12
175;2019-02-28T00:00:00.000Z;NC_000017;1;NG_008391;DLG4;discs large MAGUK scaffold protein 4;PSD95|SAP90|SAP-90;7187179;7220049;1_Build191127-2240m.1;GRCh38.p13;17;hg38;3,32E+12
176;2019-02-28T00:00:00.000Z;NC_000016;1;NG_033974;BAIAP3;BAI1 associated protein 3;BAP3;1333644;1349440;1_Build191127-2240m.1;GRCh38.p13;16;hg38;3,32E+12
177;2019-02-28T00:00:00.000Z;NC_000007;1;NG_011992;NOS3;nitric oxide synthase 3;eNOS|ECNOS;150991016;151014587;1_Build191127-2240m.1;GRCh38.p13;7;hg38;3,32E+12
178;2019-02-28T00:00:00.000Z;NC_000011;1;NG_011710;SCN4B;sodium voltage-gated channel beta subunit 4;LQT10|ATFB17|Navbeta4;118133376;118152914;1_Build191127-2240m.1;GRCh38.p13;11;hg38;3,32E+12
179;2019-02-28T00:00:00.000Z;NC_000017;1;NG_007975;ACADVL;acyl-CoA dehydrogenase very long chain;ACAD6|LCACD|VLCAD;7217124;7225266;1_Build191127-2240m.1;GRCh38.p13;17;hg38;3,32E+12
180;2019-02-28T00:00:00.000Z;NC_000020;1;NG_012847;MYLK2;myosin light chain kinase 2;KMLC|MLCK|MLCK2|skMLCK;31819355;31834683;1_Build191127-2240m.1;GRCh38.p13;20;hg38;3,32E+12
181;2019-02-28T00:00:00.000Z;NC_000006;1;NG_016209;RIMS1;regulating synaptic membrane exocytosis 1;RIM|RIM1|CORD7|RAB3IP2;71886702;72403144;1_Build191127-2240m.1;GRCh38.p13;6;hg38;3,32E+12
182;2019-02-28T00:00:00.000Z;NC_000006;1;NG_012855;SYNE1;spectrin repeat containing nuclear envelope protein 1;8B|AMCM|CPG2|ARCA1|EDMD4|KASH1|MYNE1|Nesp1|SCAR8|C6orf98|dJ45H2.2;152121683;152637394;1_Build191127-2240m.1;GRCh38.p13;6;hg38;3,32E+12
183;2019-02-28T00:00:00.000Z;NC_000001;1;NG_016548;VANGL1;VANGL planar cell polarity protein 1;LPP2|STB2|STBM2|KITENIN;115641969;115698223;1_Build191127-2240m.1;GRCh38.p13;1;hg38;3,32E+12
184;2019-02-28T00:00:00.000Z;NC_000022;1;NG_021419;NCAPH2;non-SMC condensin II complex subunit H2;CAPH2;50508215;50524779;1_Build191127-2240m.1;GRCh38.p13;22;hg38;3,32E+12
185;2019-02-28T00:00:00.000Z;NC_000004;1;NG_032576;PDLIM3;PDZ and LIM domain 3;ALP;185500659;185535557;1_Build191127-2240m.1;GRCh38.p13;4;hg38;3,32E+12
186;2019-02-28T00:00:00.000Z;NC_000007;1;NG_011846;CHRM2;cholinergic receptor muscarinic 2;HM2;136868636;137020254;1_Build191127-2240m.1;GRCh38.p13;7;hg38;3,32E+12
187;2019-02-28T00:00:00.000Z;NC_000021;1;NG_009091;KCNE1;potassium voltage-gated channel subfamily E regulatory subunit 1;ISK|JLNS|LQT5|MinK|JLNS2|LQT2/5;34446687;34512209;1_Build191127-2240m.1;GRCh38.p13;21;hg38;3,32E+12
188;2019-02-28T00:00:00.000Z;NC_000001;1;NG_007556;TNNT2;troponin T2, cardiac type;CMH2|RCM3|TnTC|cTnT|CMD1D|CMPD2|LVNC6;201359013;201377827;1_Build191127-2240m.1;GRCh38.p13;1;hg38;3,32E+12
189;2019-02-28T00:00:00.000Z;NC_000015;1;NG_007553;ACTC1;actin alpha cardiac muscle 1;ACTC|ASD5|CMD1R|CMH11|LVNC4;34790229;34795548;1_Build191127-2240m.1;GRCh38.p13;15;hg38;3,32E+12
190;2019-02-28T00:00:00.000Z;NC_000020;1;NG_053072;ZNF341;zinc finger protein 341;HIES3;33731656;33792268;1_Build191127-2240m.1;GRCh38.p13;20;hg38;3,32E+12
191;2019-02-28T00:00:00.000Z;NC_000002;1;NG_011618;TTN;titin;TMD|CMH9|CMD1G|CMPD4|EOMFC|HMERF|MYLK5|SALMY|LGMD2J|LGMDR10;178525988;178807422;1_Build191127-2240m.1;GRCh38.p13;2;hg38;3,32E+12
192;2019-02-28T00:00:00.000Z;NC_000004;1;NG_008891;SGCB;sarcoglycan beta;A3b|SGC|LGMD2E|LGMDR4;52020694;52038318;1_Build191127-2240m.1;GRCh38.p13;4;hg38;3,32E+12
193;2019-02-28T00:00:00.000Z;NC_000010;1;NG_050652;NET1;neuroepithelial cell transforming 1;NET1A|ARHGEF8;5412556;5459055;1_Build191127-2240m.1;GRCh38.p13;10;hg38;3,32E+12
194;2019-02-28T00:00:00.000Z;NC_000010;1;NG_034247;DNA2;DNA replication helicase/nuclease 2;DNA2L|hDNA2;68414063;68472520;1_Build191127-2240m.1;GRCh38.p13;10;hg38;3,32E+12
195;2019-02-28T00:00:00.000Z;NC_000003;1;NG_054716;USP19;ubiquitin specific peptidase 19;ZMYND9;49108045;49120937;1_Build191127-2240m.1;GRCh38.p13;3;hg38;3,32E+12
196;2019-02-28T00:00:00.000Z;NC_000011;1;NG_029702;TAF10;TATA-box binding protein associated factor 10;TAF2A|TAF2H|TAFII30;6606293;6612215;1_Build191127-2240m.1;GRCh38.p13;11;hg38;3,32E+12
197;2019-02-28T00:00:00.000Z;NC_000010;1;NG_028922;SHOC2;SHOC2 leucine rich repeat scaffold protein;SOC2|SUR8|SIAA0862;110919369;111013666;1_Build191127-2240m.1;GRCh38.p13;10;hg38;3,32E+12
198;2019-02-28T00:00:00.000Z;NC_000010;1;NG_032580;KIF11;kinesin family member 11;EG5|HKSP|KNSL1|MCLMR|TRIP5;92593129;92655394;1_Build191127-2240m.1;GRCh38.p13;10;hg38;3,32E+12
199;2019-02-28T00:00:00.000Z;NC_000019;1;NG_007866;TNNI3;troponin I3, cardiac type;CMH7|RCM1|cTnI|CMD2A|TNNC1|CMD1FF;55151766;55157731;1_Build191127-2240m.1;GRCh38.p13;19;hg38;3,32E+12
200;2019-02-28T00:00:00.000Z;NC_000007;1;NG_009358;CACNA2D1-AS1;CACNA2D1 antisense RNA 1;Not available;82009176;82029954;1_Build191127-2240m.1;GRCh38.p13;7;hg38;3,32E+12
201;2019-02-28T00:00:00.000Z;NC_000007;1;NG_009078;NCF1;neutrophil cytosolic factor 1;NCF1A|NOXO2|p47phox|SH3PXD1A;74773961;74789375;1_Build191127-2240m.1;GRCh38.p13;7;hg38;3,32E+12
202;2019-02-28T00:00:00.000Z;NC_000004;1;NG_053152;TECRL;trans-2,3-enoyl-CoA reductase like;TERL|CPVT3|GPSN2L|SRD5A2L2;64276297;64409509;1_Build191127-2240m.1;GRCh38.p13;4;hg38;3,32E+12
203;2019-02-28T00:00:00.000Z;NC_000019;1;NG_027551;TRPM4;transient receptor potential cation channel subfamily M member 4;EKVP6|LTrpC4|PFHB1B|TRPM4B|hTRPM4;49157791;49211840;1_Build191127-2240m.1;GRCh38.p13;19;hg38;3,32E+12
204;2019-02-28T00:00:00.000Z;NC_000023;1;NG_012884;DNASE1L1;deoxyribonuclease 1 like 1;XIB|G4.8|DNL1L|DNASEX|DNAS1L1;154401235;154412100;1_Build191127-2240m.1;GRCh38.p13;X;hg38;3,32E+12
205;2019-02-28T00:00:00.000Z;NC_000002;1;NG_051312;PROKR1;prokineticin receptor 1;ZAQ|PKR1|GPR73|PK-R1|GPR73a;68643587;68655575;1_Build191127-2240m.1;GRCh38.p13;2;hg38;3,32E+12
206;2019-02-28T00:00:00.000Z;NC_000014;1;NG_013338;CALM1;calmodulin 1;caM|CAM2|CAM3|CAMB|CAMC|CAMI|PHKD|CPVT4|DD132|LQT14|CALML2|CAMIII;90396501;90408274;1_Build191127-2240m.1;GRCh38.p13;14;hg38;3,32E+12
207;2019-02-28T00:00:00.000Z;NC_000014;1;NG_011715;TGFB3;transforming growth factor beta 3;ARVD|LDS5|RNHF|ARVD1|TGF-beta3;75958060;75983010;1_Build191127-2240m.1;GRCh38.p13;14;hg38;3,32E+12
208;2019-02-28T00:00:00.000Z;NC_000010;1;NG_053158;ARHGAP22;Rho GTPase activating protein 22;RhoGAP2|RhoGap22;48429830;48656264;1_Build191127-2240m.1;GRCh38.p13;10;hg38;3,32E+12
209;2019-02-28T00:00:00.000Z;NC_000012;1;NG_007554;MYL2;myosin light chain 2;MLC2|CMH10|MLC-2s/v;110910818;110920599;1_Build191127-2240m.1;GRCh38.p13;12;hg38;3,32E+12
210;2019-02-28T00:00:00.000Z;NC_000008;1;NG_008388;NEFM;neurofilament medium;NFM|NEF3|NF-M;24913760;24919092;1_Build191127-2240m.1;GRCh38.p13;8;hg38;3,32E+12
211;2019-02-28T00:00:00.000Z;NC_000001;1;NG_008692;LMNA;lamin A/C;FPL|IDC|LFP|CDDC|EMD2|FPLD|HGPS|LDP1|LMN1|LMNC|MADA|PRO1|CDCD1|CMD1A|FPLD2|LMNL1|CMT2B1|LGMD1B;156082545;156140088;1_Build191127-2240m.1;GRCh38.p13;1;hg38;3,32E+12
212;2019-02-28T00:00:00.000Z;NC_000012;1;NG_008801;CACNA1C-AS1;CACNA1C antisense RNA 1;Not available;2676000;2691156;1_Build191127-2240m.1;GRCh38.p13;12;hg38;3,32E+12
213;2019-02-28T00:00:00.000Z;NC_000003;1;NG_029111;MYLK;myosin light chain kinase;KRP|AAT7|MLCK|MLCK1|MMIHS|MYLK1|smMLCK|MLCK108|MLCK210|MSTP083;123610048;123884331;1_Build191127-2240m.1;GRCh38.p13;3;hg38;3,32E+12
214;2019-02-28T00:00:00.000Z;NC_000003;1;NG_051966;FGF12;fibroblast growth factor 12;FHF1|EIEE47|FGF12B;192139389;192727540;1_Build191127-2240m.1;GRCh38.p13;3;hg38;3,32E+12
215;2019-02-28T00:00:00.000Z;NC_000015;1;NG_051234;SNAPC5;small nuclear RNA activating complex polypeptide 5;SNAP19;66489747;66497814;1_Build191127-2240m.1;GRCh38.p13;15;hg38;3,32E+12
216;2019-02-28T00:00:00.000Z;NC_000014;1;NG_007386;PSEN1;presenilin 1;AD3|FAD|PS1|PS-1|S182|ACNINV3;73136435;73223690;1_Build191127-2240m.1;GRCh38.p13;14;hg38;3,32E+12
217;2019-02-28T00:00:00.000Z;NC_000002;1;NG_011793;APOB;apolipoprotein B;FLDB|FCHL2|LDLCQ4|apoB-48|apoB-100;21001428;21044072;1_Build191127-2240m.1;GRCh38.p13;2;hg38;3,32E+12
218;2019-02-28T00:00:00.000Z;NC_000019;1;NG_050666;PTOV1;PTOV1 extended AT-hook containing adaptor protein;ACID2|PTOV-1;49848553;49860743;1_Build191127-2240m.1;GRCh38.p13;19;hg38;3,32E+12
219;2019-02-28T00:00:00.000Z;NC_000009;1;NG_017046;SYK;spleen associated tyrosine kinase;p72-Syk;90801599;90898548;1_Build191127-2240m.1;GRCh38.p13;9;hg38;3,32E+12
220;2019-02-28T00:00:00.000Z;NC_000015;1;NG_012244;SMAD6;SMAD family member 6;AOVD2|MADH6|MADH7|HsT17432;66702109;66782848;1_Build191210-0005m.1;GRCh38.p13;15;hg38;3,32E+12
221;2019-02-28T00:00:00.000Z;NC_000016;1;NG_033236;PKD1L2;polycystin 1 like 2 (gene/pseudogene);PC1L2;81100874;81220393;1_Build191127-2240m.1;GRCh38.p13;16;hg38;3,32E+12
222;2019-02-28T00:00:00.000Z;NC_000023;1;NG_013241;KCNE5;potassium voltage-gated channel subfamily E regulatory subunit 5;KCNE1L;109623699;109625171;1_Build191127-2240m.1;GRCh38.p13;X;hg38;3,32E+12
223;2019-02-28T00:00:00.000Z;NC_000003;1;NG_007467;RAF1;Raf-1 proto-oncogene, serine/threonine kinase;NS5|CRAF|Raf-1|c-Raf|CMD1NN;12583600;12664200;1_Build191127-2240m.1;GRCh38.p13;3;hg38;3,32E+12
224;2019-02-28T00:00:00.000Z;NC_000019;1;NG_011829;TNNT1;troponin T1, slow skeletal type;ANM|TNT|NEM5|STNT|TNTS;55132697;55149331;1_Build191127-2240m.1;GRCh38.p13;19;hg38;3,32E+12
225;2019-02-28T00:00:00.000Z;NC_000005;1;NG_008750;FBN2;fibrillin 2;CCA|DA9|EOMD;128257908;128538244;1_Build191210-0005m.1;GRCh38.p13;5;hg38;3,32E+12
226;2019-02-28T00:00:00.000Z;NC_000011;1;NG_008093;H2AX;H2A.X variant histone;H2A.X|H2A/X|H2AFX;119093873;119095466;1_Build191127-2240m.1;GRCh38.p13;11;hg38;3,32E+12
227;2019-02-28T00:00:00.000Z;NC_000021;1;NG_015996;DIP2A;disco interacting protein 2 homolog A;DIP2|C21orf106;46458890;46571225;1_Build191127-2240m.1;GRCh38.p13;21;hg38;3,32E+12
228;2019-02-28T00:00:00.000Z;NC_000009;1;NG_007458;NOTCH1;notch receptor 1;hN1|AOS5|TAN1|AOVD1;136494432;136546047;1_Build191127-2240m.1;GRCh38.p13;9;hg38;3,32E+12
229;2019-02-28T00:00:00.000Z;NC_000002;1;NG_050639;SDC1;syndecan 1;SDC|CD138|SYND1|syndecan;20200796;20225432;1_Build191127-2240m.1;GRCh38.p13;2;hg38;3,32E+12
230;2019-02-28T00:00:00.000Z;NC_000007;1;NG_007968;CYP51A1;cytochrome P450 family 51 subfamily A member 1;LDM|CP51|CYP51|CYPL1|P450L1|P450-14DM;92112148;92134744;1_Build191127-2240m.1;GRCh38.p13;7;hg38;3,32E+12
231;2019-02-28T00:00:00.000Z;NC_000001;1;NG_008802;CASQ2;calsequestrin 2;PDIB2;115700002;115768804;1_Build191127-2240m.1;GRCh38.p13;1;hg38;3,32E+12
232;2019-02-28T00:00:00.000Z;NC_000001;1;NG_016625;NEXN;nexilin F-actin binding protein;CMH20|NELIN;77888514;77948642;1_Build191127-2240m.1;GRCh38.p13;1;hg38;3,32E+12
233;2019-02-28T00:00:00.000Z;NC_000011;1;NG_011932;CSRP3;cysteine and glycine rich protein 3;CLP|MLP|CRP3|LMO4|CMD1M|CMH12;19182029;19201982;1_Build191127-2240m.1;GRCh38.p13;11;hg38;3,32E+12
234;2019-02-28T00:00:00.000Z;NC_000014;1;NG_051667;RALGAPA1;Ral GTPase activating protein catalytic subunit alpha 1;p240|GRIPE|GARNL1|TULIP1|RalGAPalpha1;35538355;35809294;1_Build191127-2240m.1;GRCh38.p13;14;hg38;3,32E+12
235;2019-02-28T00:00:00.000Z;NC_000019;1;NG_009784;DMPK;DM1 protein kinase;DM|DM1|DMK|MDPK|DM1PK|MT-PK;45769708;45782489;1_Build191127-2240m.1;GRCh38.p13;19;hg38;3,32E+12
236;2019-02-28T00:00:00.000Z;NC_000010;1;NG_047061;MKI67;marker of proliferation Ki-67;KIA|MIB-|MIB-1|PPP1R105;128096658;128126422;1_Build191127-2240m.1;GRCh38.p13;10;hg38;3,32E+12
237;2019-02-28T00:00:00.000Z;NC_000021;1;NG_011402;RUNX1;RUNX family transcription factor 1;AML1|CBFA2|EVI-1|AMLCR1|PEBP2aB|CBF2alpha|AML1-EVI-1|PEBP2alpha;34787800;35049333;1_Build191127-2240m.1;GRCh38.p13;21;hg38;3,32E+12
238;2019-02-28T00:00:00.000Z;NC_000011;1;NG_013331;SLC37A4;solute carrier family 37 member 4;G6PT1|G6PT2|G6PT3|GSD1b|GSD1c|GSD1d|TRG19|TRG-19|PRO0685;119024111;119030905;1_Build191127-2240m.1;GRCh38.p13;11;hg38;3,32E+12
239;2019-02-28T00:00:00.000Z;NC_000003;1;NG_008797;CAV3;caveolin 3;LQT9|MPDT|RMD2|VIP21|LGMD1C|VIP-21;8733801;8746757;1_Build191127-2240m.1;GRCh38.p13;3;hg38;3,32E+12
240;2019-02-28T00:00:00.000Z;NC_000018;1;NG_029954;NEDD4L;NEDD4 like E3 ubiquitin protein ligase;RSP5|PVNH7|NEDD4-2|NEDD4.2|hNEDD4-2;58044225;58401539;1_Build191127-2240m.1;GRCh38.p13;18;hg38;3,32E+12
241;2019-02-28T00:00:00.000Z;NC_000015;1;NG_051242;CD276;CD276 molecule;B7H3|B7-H3|B7RP-2|4Ig-B7-H3;73683965;73714517;1_Build191127-2240m.1;GRCh38.p13;15;hg38;3,32E+12
242;2019-02-28T00:00:00.000Z;NC_000004;1;NG_051593;STK32B;serine/threonine kinase 32B;STK32|STKG6|YANK2|HSA250839;5051479;5500993;1_Build191127-2240m.1;GRCh38.p13;4;hg38;3,32E+12
243;2019-02-28T00:00:00.000Z;NC_000007;1;NG_007405;COL1A2;collagen type I alpha 2 chain;OI4|EDSCV|EDSARTH2;94394894;94431226;1_Build191127-2240m.1;GRCh38.p13;7;hg38;3,32E+12
244;2019-02-28T00:00:00.000Z;NC_000004;1;NG_011595;DSPP;dentin sialophosphoprotein;DPP|DSP|DGI1|DMP3|DFNA39;87608528;87616872;1_Build191127-2240m.1;GRCh38.p13;4;hg38;3,32E+12
245;2019-02-28T00:00:00.000Z;NC_000004;1;NG_051569;GUF1;GUF1 homolog, GTPase;EF4|EF-4|EIEE40;44678394;44700927;1_Build191127-2240m.1;GRCh38.p13;4;hg38;3,32E+12
246;2019-02-28T00:00:00.000Z;NC_000010;1;NG_047122;YME1L1;YME1 like 1 ATPase;FTSH|MEG4|PAMP|OPA11|YME1L;27110110;27155050;1_Build191127-2240m.1;GRCh38.p13;10;hg38;3,32E+12
247;2019-02-28T00:00:00.000Z;NC_000002;1;NG_007404;COL3A1;collagen type III alpha 1 chain;EDS4A|EDSVASC|PMGEDSV;188974372;189012745;1_Build191210-0005m.1;GRCh38.p13;2;hg38;3,32E+12
248;2019-02-28T00:00:00.000Z;NC_000018;1;NG_032120;MYOM1;myomesin 1;SKELEMIN;3066806;3220107;1_Build191127-2240m.1;GRCh38.p13;18;hg38;3,32E+12
249;2019-02-28T00:00:00.000Z;NC_000012;1;NG_029792;CIT;citron rho-interacting serine/threonine kinase;CITK|CRIK|STK21|MCPH17;119685790;119877319;1_Build191127-2240m.1;GRCh38.p13;12;hg38;3,32E+12
250;2019-02-28T00:00:00.000Z;NC_000006;1;NG_051941;TDRD6;tudor domain containing 6;TDR2|CT41.2|SPATA36|NY-CO-45|bA446F17.4;46680267;46704318;1_Build191127-2240m.1;GRCh38.p13;6;hg38;3,32E+12
251;2019-02-28T00:00:00.000Z;NC_000012;1;NG_008801;CACNA1C-AS2;CACNA1C antisense RNA 2;Not available;2668499;2672219;1_Build191127-2240m.1;GRCh38.p13;12;hg38;3,32E+12
252;2019-02-28T00:00:00.000Z;NC_000005;1;NG_008693;SGCD;sarcoglycan delta;SGD|DAGD|35DAG|CMD1L|SGCDP|LGMDR6|SG-delta;155728635;156767787;1_Build191127-2240m.1;GRCh38.p13;5;hg38;3,32E+12
253;2019-02-28T00:00:00.000Z;NC_000009;1;NG_007461;TGFBR1;transforming growth factor beta receptor 1;AAT5|ALK5|ESS1|LDS1|MSSE|SKR4|TBRI|ALK-5|LDS1A|LDS2A|TBR-i|TGFR-1|ACVRLK4|tbetaR-I;99104037;99154191;1_Build191210-0005m.1;GRCh38.p13;9;hg38;3,32E+12
254;2019-02-28T00:00:00.000Z;NC_000001;1;NG_009369;GJA5;gap junction protein alpha 5;CX40|ATFB11;147756198;147781126;1_Build191127-2240m.1;GRCh38.p13;1;hg38;3,32E+12
255;2019-02-28T00:00:00.000Z;NC_000001;1;NG_050913;NR5A2;nuclear receptor subfamily 5 group A member 2;B1F|CPF|FTF|B1F2|LRH1|LRH-1|FTZ-F1|hB1F-2|FTZ-F1beta;200027709;200177423;1_Build191127-2240m.1;GRCh38.p13;1;hg38;3,32E+12
256;2019-02-28T00:00:00.000Z;NC_000015;1;NG_011500;SLC24A5;solute carrier family 24 member 5;JSX|OCA6|NCKX5|SHEP4;48120989;48142671;1_Build191127-2240m.1;GRCh38.p13;15;hg38;3,32E+12
257;2019-02-28T00:00:00.000Z;NC_000012;1;NG_008315;TBX3;T-box transcription factor 3;UMS|XHL|TBX3-ISO;114670254;114684174;1_Build191127-2240m.1;GRCh38.p13;12;hg38;3,32E+12
258;2019-02-28T00:00:00.000Z;NC_000002;1;NG_008844;FHL2;four and a half LIM domains 2;DRAL|AAG11|FHL-2|SLIM3|SLIM-3;105357711;105438528;1_Build191127-2240m.1;GRCh38.p13;2;hg38;3,32E+12
259;2019-02-28T00:00:00.000Z;NC_000014;1;NG_053195;WDR25;WD repeat domain 25;C14orf67;100376415;100530302;1_Build191127-2240m.1;GRCh38.p13;14;hg38;3,32E+12
260;2019-02-28T00:00:00.000Z;NC_000007;1;NG_042167;CDK5;cyclin dependent kinase 5;LIS7|PSSALRE;151053814;151057896;1_Build191127-2240m.1;GRCh38.p13;7;hg38;3,32E+12
261;2019-02-28T00:00:00.000Z;NC_000002;1;NG_050952;TGFBRAP1;transforming growth factor beta receptor associated protein 1;VPS3|TRAP1|TRAP-1;105249407;105329734;1_Build191127-2240m.1;GRCh38.p13;2;hg38;3,32E+12
262;2019-02-28T00:00:00.000Z;NC_000020;1;NG_016984;MIR499A;microRNA 499a;MIR499|MIRN499|mir-499a|hsa-mir-499a;34990375;34990496;1_Build191127-2240m.1;GRCh38.p13;20;hg38;3,32E+12
263;2019-02-28T00:00:00.000Z;NC_000001;1;NG_008799;MIR4428;microRNA 4428;Not available;237471118;237471190;1_Build191127-2240m.1;GRCh38.p13;1;hg38;3,32E+12
264;2019-02-28T00:00:00.000Z;NC_000002;1;NG_011586;ICOS;inducible T cell costimulator;AILIM|CD278|CVID1;203936762;203961576;1_Build191127-2240m.1;GRCh38.p13;2;hg38;3,32E+12
265;2019-02-28T00:00:00.000Z;NC_000011;1;NG_023321;TREH;trehalase;TRE|TREA|TREHD;118657315;118679649;1_Build191127-2240m.1;GRCh38.p13;11;hg38;3,32E+12
266;2019-02-28T00:00:00.000Z;NC_000007;1;NG_051199;SND1;staphylococcal nuclease and tudor domain containing 1;p100|TDRD11|Tudor-SN;127652144;128092592;1_Build191127-2240m.1;GRCh38.p13;7;hg38;3,32E+12
267;2019-02-28T00:00:00.000Z;NC_000008;1;NG_047152;UBR5;ubiquitin protein ligase E3 component n-recognin 5;DD5|EDD|HYD|EDD1;102252272;102412699;1_Build191127-2240m.1;GRCh38.p13;8;hg38;3,32E+12
268;2019-02-28T00:00:00.000Z;NC_000001;1;NG_032939;TNNI3K;TNNI3 interacting kinase;CARK|CCDD;74235386;74544427;1_Build191127-2240m.1;GRCh38.p13;1;hg38;3,32E+12
269;2019-02-28T00:00:00.000Z;NC_000003;1;NG_008934;SCN5A;sodium voltage-gated channel alpha subunit 5;HB1|HB2|HH1|IVF|VF1|HBBD|ICCD|LQT3|SSS1|CDCD2|CMD1E|CMPD2|PFHB1|Nav1.5;38548060;38649686;1_Build191127-2240m.1;GRCh38.p13;3;hg38;3,32E+12
270;2019-02-28T00:00:00.000Z;NC_000006;1;NG_021248;CEP85L;centrosomal protein 85 like;C6orf204|NY-BR-15|bA57K17.2;118460771;118710100;1_Build191127-2240m.1;GRCh38.p13;6;hg38;3,32E+12
271;2019-02-28T00:00:00.000Z;NC_000002;1;NG_007530;SOS1;SOS Ras/Rac guanine nucleotide exchange factor 1;GF1|HGF|NS4|GGF1|GINGF|SOS-1;38981548;39124958;1_Build191127-2240m.1;GRCh38.p13;2;hg38;3,32E+12
272;2019-02-28T00:00:00.000Z;NC_000007;1;NG_033954;MGAM;maltase-glucoamylase;MG|MGA;141986516;142106746;1_Build191127-2240m.1;GRCh38.p13;7;hg38;3,32E+12
273;2019-02-28T00:00:00.000Z;NC_000001;1;NG_027721;TGFB2-OT1;TGFB2 overlapping transcript 1;Not available;218442625;218443994;1_Build191210-0005m.1;GRCh38.p13;1;hg38;3,32E+12
274;2019-02-28T00:00:00.000Z;NC_000020;1;NG_031867;JPH2;junctophilin 2;JP2|JP-2|CMH17;44111696;44187945;1_Build191127-2240m.1;GRCh38.p13;20;hg38;3,32E+12
275;2019-02-28T00:00:00.000Z;NC_000019;1;NG_008898;FKRP;fukutin related protein;FKTR|MDC1C|LGMD2I|LGMDR9|MDDGA5|MDDGB5|MDDGC5;46746014;46758574;1_Build191127-2240m.1;GRCh38.p13;19;hg38;3,32E+12
276;2019-02-28T00:00:00.000Z;NC_000005;1;NG_012339;SDHA;succinate dehydrogenase complex flavoprotein subunit A;FP|PGL5|SDH1|SDH2|SDHF|CMD1GG;218222;264815;1_Build191127-2240m.1;GRCh38.p13;5;hg38;3,32E+12
277;2019-02-28T00:00:00.000Z;NC_000010;1;NG_032953;TCTN3;tectonic family member 3;OFD4|TECT3|JBTS18|C10orf61;95663395;95694142;1_Build191127-2240m.1;GRCh38.p13;10;hg38;3,32E+12
278;2019-02-28T00:00:00.000Z;NC_000015;1;NG_052069;TLNRD1;talin rod domain containing 1;MESDC1;81000922;81005787;1_Build191127-2240m.1;GRCh38.p13;15;hg38;3,32E+12
279;2019-02-28T00:00:00.000Z;NC_000006;1;NG_009082;PLN;phospholamban;PLB|CMD1P|CMH18;118548295;118561715;1_Build191127-2240m.1;GRCh38.p13;6;hg38;3,32E+12
280;2019-02-28T00:00:00.000Z;NC_000001;1;NG_041799;MIR215;microRNA 215;MIRN215|mir-215|miRNA215;220117852;220117961;1_Build191210-0005m.1;GRCh38.p13;1;hg38;3,32E+12
281;2019-02-28T00:00:00.000Z;NC_000007;1;NG_051947;SLC4A2;solute carrier family 4 member 2;AE2|HKB3|BND3L|NBND3|EPB3L1;151058199;151076526;1_Build191127-2240m.1;GRCh38.p13;7;hg38;3,32E+12
282;2019-02-28T00:00:00.000Z;NC_000012;1;NG_007459;PTPN11;protein tyrosine phosphatase non-receptor type 11;CFC|NS1|JMML|SHP2|BPTP3|PTP2C|METCDS|PTP-1D|SH-PTP2|SH-PTP3;112418897;112509917;1_Build191127-2240m.1;GRCh38.p13;12;hg38;3,32E+12
283;2019-02-28T00:00:00.000Z;NC_000020;1;NG_032790;PLCB4;phospholipase C beta 4;ARCND2|PI-PLC;9068709;9480815;1_Build191127-2240m.1;GRCh38.p13;20;hg38;3,32E+12
284;2019-02-28T00:00:00.000Z;NC_000004;1;NG_009006;ANK2;ankyrin 2;LQT4|ANK-2|brank-2;112706017;113383739;1_Build191127-2240m.1;GRCh38.p13;4;hg38;3,32E+12
285;2019-02-28T00:00:00.000Z;NC_000012;1;NG_021393;TMPO;thymopoietin;TP|LAP2|CMD1T|LEMD4|PRO0868;98515572;98550378;1_Build191127-2240m.1;GRCh38.p13;12;hg38;3,32E+12
286;2019-02-28T00:00:00.000Z;NC_000007;1;NG_042104;PODXL;podocalyxin like;PC|PCLP|Gp200|PCLP-1;131500270;131556627;1_Build191127-2240m.1;GRCh38.p13;7;hg38;3,32E+12
287;2019-02-28T00:00:00.000Z;NC_000020;1;NG_046939;REM1;RRAD and GEM like GTPase 1;GES|GD:REM;31475272;31484894;1_Build191127-2240m.1;GRCh38.p13;20;hg38;3,32E+12
288;2019-02-28T00:00:00.000Z;NC_000002;1;NG_051365;FSIP2;fibrous sheath interacting protein 2;SPGF34;185738803;185833289;1_Build191127-2240m.1;GRCh38.p13;2;hg38;3,32E+12
289;2019-02-28T00:00:00.000Z;NC_000012;1;NG_008801;CACNA1C-IT3;CACNA1C intronic transcript 3;Not available;2269775;2288744;1_Build191127-2240m.1;GRCh38.p13;12;hg38;3,32E+12
290;2019-02-28T00:00:00.000Z;NC_000007;1;NG_050579;PIK3CG;phosphatidylinositol-4,5-bisphosphate 3-kinase catalytic subunit gamma;PI3K|PIK3|PI3CG|PI3Kgamma|p110gamma|p120-PI3K;106865281;106908979;1_Build191127-2240m.1;GRCh38.p13;7;hg38;3,32E+12
291;2019-02-28T00:00:00.000Z;NC_000011;1;NG_008935;KCNQ1OT1;KCNQ1 opposite strand/antisense transcript 1;LIT1|Kncq1|KvDMR1|KCNQ10T1|KCNQ1-AS2|KvLQT1-AS|NCRNA00012;2608327;2699997;1_Build191127-2240m.1;GRCh38.p13;11;hg38;3,32E+12
292;2019-02-28T00:00:00.000Z;NC_000002;1;NG_008043;DES;desmin;CSM1|CSM2|CDCD3|CMD1F|LGMD1D|LGMD1E|LGMD2R;219418376;219426733;1_Build191127-2240m.1;GRCh38.p13;2;hg38;3,32E+12
293;2019-02-28T00:00:00.000Z;NC_000022;1;NG_011835;TXNRD2;thioredoxin reductase 2;TR|TR3|SELZ|GCCD5|TRXR2|TR-BETA;19875517;19941817;1_Build191127-2240m.1;GRCh38.p13;22;hg38;3,32E+12
294;2019-02-28T00:00:00.000Z;NC_000006;1;NG_009934;MYO6;myosin VI;DFNA22|DFNB37;75749202;75919536;1_Build191127-2240m.1;GRCh38.p13;6;hg38;3,32E+12
295;2019-02-28T00:00:00.000Z;NC_000023;1;NG_012232;DMD;dystrophin;BMD|CMD3B|MRX85|DXS142|DXS164|DXS206|DXS230|DXS239|DXS268|DXS269|DXS270|DXS272;31119218;33339459;1_Build191127-2240m.1;GRCh38.p13;X;hg38;3,32E+12
296;2019-02-28T00:00:00.000Z;NC_000016;1;NG_009299;MYH11;myosin heavy chain 11;AAT4|FAA4|SMHC|SMMHC;15703134;15857031;1_Build191210-0005m.1;GRCh38.p13;16;hg38;3,32E+12
297;2019-02-28T00:00:00.000Z;NC_000001;1;NG_033268;TRIM63;tripartite motif containing 63;IRF|SMRZ|MURF1|MURF2|RNF28;26051303;26067633;1_Build191127-2240m.1;GRCh38.p13;1;hg38;3,32E+12
298;2019-02-28T00:00:00.000Z;NC_000023;1;NG_009634;TAZ;tafazzin;EFE|BTHS|EFE2|G4.5|Taz1|CMD3A|LVNCX;154411538;154421725;1_Build191127-2240m.1;GRCh38.p13;X;hg38;3,32E+12
299;2019-02-28T00:00:00.000Z;NC_000007;1;NG_030317;ATG9B;autophagy related 9B;SONE|APG9L2|NOS3AS;151012208;151028266;1_Build191127-2240m.1;GRCh38.p13;7;hg38;3,32E+12
300;2019-02-28T00:00:00.000Z;NC_000014;1;NG_021486;LTBP2;latent transforming growth factor beta binding protein 2;WMS3|GLC3D|LTBP3|MSPKA|MSTP031|C14orf141;74498182;74612592;1_Build191127-2240m.1;GRCh38.p13;14;hg38;3,32E+12
301;2019-02-28T00:00:00.000Z;NC_000002;1;NG_042065;CALM2;calmodulin 2;caM|CALM|CAM1|CAM3|CAMC|PHKD|CAMII|LQT15|PHKD2|CALML2|CAMIII;47160081;47176935;1_Build191127-2240m.1;GRCh38.p13;2;hg38;3,32E+12
302;2019-02-28T00:00:00.000Z;NC_000022;1;NG_011526;COMT;catechol-O-methyltransferase;HEL-S-98n;19941771;19969974;1_Build191127-2240m.1;GRCh38.p13;22;hg38;3,32E+12
303;2019-02-28T00:00:00.000Z;NC_000001;1;NG_032757;MYBPHL;myosin binding protein H like;Not available;109292364;109309393;1_Build191127-2240m.1;GRCh38.p13;1;hg38;3,32E+12
304;2019-02-28T00:00:00.000Z;NC_000006;1;NG_011596;EYA4;EYA transcriptional coactivator and phosphatase 4;CMD1J|DFNA10;133240339;133532127;1_Build191127-2240m.1;GRCh38.p13;6;hg38;3,32E+12
305;2019-02-28T00:00:00.000Z;NC_000001;1;NG_047130;KIF21B;kinesin family member 21B;Not available;200969389;201023713;1_Build191127-2240m.1;GRCh38.p13;1;hg38;3,32E+12
306;2019-02-28T00:00:00.000Z;NC_000019;1;NG_046946;AKAP8;A-kinase anchoring protein 8;AKAP-8|AKAP95|AKAP 95|AKAP-95;15353384;15379786;1_Build191127-2240m.1;GRCh38.p13;19;hg38;3,32E+12
307;2019-02-28T00:00:00.000Z;NC_000004;1;NG_032855;LRBA;LPS responsive beige-like anchor protein;BGL|LBA|CDC4L|CVID8|LAB300;150264434;151015726;1_Build191127-2240m.1;GRCh38.p13;4;hg38;3,32E+12
308;2019-02-28T00:00:00.000Z;NC_000011;1;NG_007667;MYBPC3;myosin binding protein C3;FHC|CMH4|CMD1MM|LVNC10|MYBP-C|cMyBP-C;47331405;47352701;1_Build191127-2240m.1;GRCh38.p13;11;hg38;3,32E+12
309;2019-02-28T00:00:00.000Z;NC_000005;1;NG_027839;ERAP1;endoplasmic reticulum aminopeptidase 1;ALAP|A-LAP|ARTS1|ERAAP|APPILS|ARTS-1|ERAAP1|PILSAP|PILS-AP;96760272;96935982;1_Build191127-2240m.1;GRCh38.p13;5;hg38;3,32E+12
310;2019-02-28T00:00:00.000Z;NC_000007;1;NG_029468;MIR671;microRNA 671;MIRN671|mir-671|hsa-mir-671;151238420;151238537;1_Build191127-2240m.1;GRCh38.p13;7;hg38;3,32E+12
311;2019-02-28T00:00:00.000Z;NC_000017;1;NG_051107;VMP1;vacuole membrane protein 1;EPG3|TANGO5|TMEM49;59707653;59842254;1_Build191127-2240m.1;GRCh38.p13;17;hg38;3,32E+12
312;2019-02-28T00:00:00.000Z;NC_000011;1;NG_009824;CRYAB;crystallin alpha B;MFM2|CRYA2|CTPP2|HSPB5|CMD1II|CTRCT16|HEL-S-101;111908563;111923739;1_Build191127-2240m.1;GRCh38.p13;11;hg38;3,32E+12
313;2019-02-28T00:00:00.000Z;NC_000015;1;NG_008805;FBN1;fibrillin 1;FBN|SGS|WMS|MASS|MFLS|MFS1|OCTD|SSKS|WMS2|ACMICD|ECTOL1|GPHYSD2;48408305;48645787;1_Build191210-0005m.1;GRCh38.p13;15;hg38;3,32E+12
314;2019-02-28T00:00:00.000Z;NC_000001;1;NG_029784;ESRRG;estrogen related receptor gamma;ERR3|ERRg|NR3B3|ERRgamma|ERR-gamma;216503245;217137701;1_Build191210-0005m.1;GRCh38.p13;1;hg38;3,32E+12
315;2019-02-28T00:00:00.000Z;NC_000001;1;NG_041799;IARS2;isoleucyl-tRNA synthetase 2, mitochondrial;ILERS|CAGSSS;220094131;220148040;1_Build191210-0005m.1;GRCh38.p13;1;hg38;3,32E+12
316;2019-02-28T00:00:00.000Z;NC_000019;1;NG_050666;PTOV1-AS2;PTOV1 antisense RNA 2;Not available;49856464;49859288;1_Build191127-2240m.1;GRCh38.p13;19;hg38;3,32E+12
317;2019-02-28T00:00:00.000Z;NC_000005;1;NG_047006;HK3;hexokinase 3;HXK3|HKIII;176880868;176899372;1_Build191127-2240m.1;GRCh38.p13;5;hg38;3,32E+12
318;2019-02-28T00:00:00.000Z;NC_000022;1;NG_030466;CELSR1;cadherin EGF LAG seven-pass G-type receptor 1;ME2|FMI2|CDHF9|HFMI2|ADGRC1;46360833;46537619;1_Build191127-2240m.1;GRCh38.p13;22;hg38;3,32E+12
319;2019-02-28T00:00:00.000Z;NC_000007;1;NG_009358;CACNA2D1;calcium voltage-gated channel auxiliary subunit alpha2delta 1;CACNA2|CCHL2A|CACNL2A|LINC01112|lncRNA-N3;81946443;82443955;1_Build191127-2240m.1;GRCh38.p13;7;hg38;3,32E+12
320;2019-02-28T00:00:00.000Z;NC_000011;1;NG_023406;KCNJ5;potassium inwardly rectifying channel subfamily J member 5;CIR|GIRK4|KATP1|LQT13|KIR3.4;128891355;128921162;1_Build191127-2240m.1;GRCh38.p13;11;hg38;3,32E+12
321;2019-02-28T00:00:00.000Z;NC_000003;1;NG_047079;SHOX2;short stature homeobox 2;OG12|SHOT|OG12X;158096010;158106211;1_Build191127-2240m.1;GRCh38.p13;3;hg38;3,32E+12
322;2019-02-28T00:00:00.000Z;NC_000001;1;NG_029576;PRDM16;PR/SET domain 16;MEL1|KMT8F|LVNC8|PFM13|CMD1LL;3069202;3438620;1_Build191127-2240m.1;GRCh38.p13;1;hg38;3,32E+12
323;2019-02-28T00:00:00.000Z;NC_000001;1;NG_027721;TGFB2-AS1;TGFB2 antisense RNA 1 (head to head);Not available;218344195;218345677;1_Build191210-0005m.1;GRCh38.p13;1;hg38;3,32E+12
324;2019-02-28T00:00:00.000Z;NC_000001;1;NG_008959;MTR;5-methyltetrahydrofolate-homocysteine methyltransferase;MS|HMAG|cblG;236794303;236903980;1_Build191127-2240m.1;GRCh38.p13;1;hg38;3,32E+12
325;2019-02-28T00:00:00.000Z;NC_000019;1;NG_053013;NLRP13;NLR family pyrin domain containing 13;NOD14|PAN13|NALP13|CLR19.7;55891691;55932335;1_Build191127-2240m.1;GRCh38.p13;19;hg38;3,32E+12
326;2019-02-28T00:00:00.000Z;NC_000007;1;NG_032573;DNAJB6;DnaJ heat shock protein family (Hsp40) member B6;DJ4|MRJ|DnaJ|HSJ2|HHDJ1|HSJ-2|MSJ-1|LGMD1D|LGMD1E|LGMDD1;157337003;157417438;1_Build191127-2240m.1;GRCh38.p13;7;hg38;3,32E+12
327;2019-02-28T00:00:00.000Z;NC_000002;1;NG_012641;CACNB4;calcium voltage-gated channel auxiliary subunit beta 4;EA5|EJM|CAB4|EIG9|EJM4|EJM6|CACNLB4;151832770;152099166;1_Build191127-2240m.1;GRCh38.p13;2;hg38;3,32E+12
328;2019-02-28T00:00:00.000Z;NC_000010;1;NG_034072;CTNNA3;catenin alpha 3;VR22|ARVD13;65912517;67696216;1_Build191127-2240m.1;GRCh38.p13;10;hg38;3,32E+12
329;2019-02-28T00:00:00.000Z;NC_000010;1;NG_017092;NEBL;nebulette;LASP2|LNEBL;20779972;21174186;1_Build191127-2240m.1;GRCh38.p13;10;hg38;3,32E+12
330;2019-02-28T00:00:00.000Z;NC_000015;1;NG_011990;SMAD3;SMAD family member 3;LDS3|LDS1C|MADH3|JV15-2|HSPC193|HsT17436;67065601;67195194;1_Build191210-0005m.1;GRCh38.p13;15;hg38;3,32E+12
331;2019-02-28T00:00:00.000Z;NC_000003;1;NG_007490;TGFBR2;transforming growth factor beta receptor 2;AAT3|FAA3|LDS2|MFS2|RIIC|LDS1B|LDS2B|TAAD2|TBRII|TBR-ii|TGFR-2|TGFbeta-RII;30606471;30694141;1_Build191210-0005m.1;GRCh38.p13;3;hg38;3,32E+12
332;2019-02-28T00:00:00.000Z;NC_000011;1;NG_008935;KCNQ1;potassium voltage-gated channel subfamily Q member 1;LQT|RWS|WRS|LQT1|SQT2|ATFB1|ATFB3|JLNS1|KCNA8|KCNA9|Kv1.9|Kv7.1|KVLQT1;2445007;2849109;1_Build191127-2240m.1;GRCh38.p13;11;hg38;3,32E+12
333;2019-02-28T00:00:00.000Z;NC_000008;1;NG_009779;CCN3;cellular communication network factor 3;NOV|NOVh|IBP-9|IGFBP9|IGFBP-9;119416445;119424433;1_Build191127-2240m.1;GRCh38.p13;8;hg38;3,32E+12
334;2019-02-28T00:00:00.000Z;NC_000002;1;NG_011799;COL5A2;collagen type V alpha 2 chain;EDSC|EDSCL2;189031897;189225300;1_Build191127-2240m.1;GRCh38.p13;2;hg38;3,32E+12
335;2019-02-28T00:00:00.000Z;NC_000001;1;NG_008799;RYR2;ryanodine receptor 2;RyR|ARVC2|ARVD2|RYR-2|VTSIP;237042183;237833987;1_Build191127-2240m.1;GRCh38.p13;1;hg38;3,32E+12
336;2019-02-28T00:00:00.000Z;NC_000001;1;NG_009081;ACTN2;actinin alpha 2;MPD6|CMH23|CMD1AA|MYOCOZ;236686453;236764630;1_Build191127-2240m.1;GRCh38.p13;1;hg38;3,32E+12
337;2019-02-28T00:00:00.000Z;NC_000016;1;NG_053015;ZNF174;zinc finger protein 174;ZSCAN8;3401189;3409363;1_Build191127-2240m.1;GRCh38.p13;16;hg38;3,32E+12
338;2019-02-28T00:00:00.000Z;NC_000011;1;NG_047185;NLRX1;NLR family member X1;NOD5|NOD9|NOD26|DLNB26|CLR11.3;119168333;119184015;1_Build191127-2240m.1;GRCh38.p13;11;hg38;3,32E+12
339;2019-02-28T00:00:00.000Z;NC_000012;1;NG_016971;TSFM;Ts translation elongation factor, mitochondrial;EFTS|EFTSMT;57782744;57802855;1_Build191127-2240m.1;GRCh38.p13;12;hg38;3,32E+12
340;2019-02-28T00:00:00.000Z;NC_000007;1;NG_029746;NUB1;negative regulator of ubiquitin like proteins 1;BS4|NUB1L|NYREN18;151341698;151378460;1_Build191127-2240m.1;GRCh38.p13;7;hg38;3,32E+12
341;2019-02-28T00:00:00.000Z;NC_000001;1;NG_047198;WDR26;WD repeat domain 26;CDW2|GID7|MIP2|SKDEAS;224385142;224434796;1_Build191127-2240m.1;GRCh38.p13;1;hg38;3,32E+12
342;2019-02-28T00:00:00.000Z;NC_000019;1;NG_013359;SCN1B;sodium voltage-gated channel beta subunit 1;ATFB13|BRGDA5|EIEE52|GEFSP1;35030469;35040448;1_Build191127-2240m.1;GRCh38.p13;19;hg38;3,32E+12
343;2019-02-28T00:00:00.000Z;NC_000018;1;NG_009490;TTR;transthyretin;CTS|ATTR|CTS1|PALB|TBPA|HEL111|HsT2651;31591766;31599023;1_Build191127-2240m.1;GRCh38.p13;18;hg38;3,32E+12
344;2019-02-28T00:00:00.000Z;NC_000007;1;NG_029468;SMARCD3;SWI/SNF related, matrix associated, actin dependent regulator of chromatin, subfamily d, member 3;Rsc6p|BAF60C|CRACD3;151238779;151277451;1_Build191127-2240m.1;GRCh38.p13;7;hg38;3,32E+12
345;2019-02-28T00:00:00.000Z;NC_000020;1;NG_011439;ASIP;agouti signaling protein;ASP|AGSW|AGTI|AGTIL|SHEP9;34186492;34269343;1_Build191127-2240m.1;GRCh38.p13;20;hg38;3,32E+12
346;2019-02-28T00:00:00.000Z;NC_000011;1;NG_033985;ATL3;atlastin GTPase 3;HSN1F;63624081;63671973;1_Build191127-2240m.1;GRCh38.p13;11;hg38;3,32E+12
347;2019-02-28T00:00:00.000Z;NC_000012;1;NG_012198;KCNA5;potassium voltage-gated channel subfamily A member 5;HK2|HCK1|PCN1|ATFB7|HPCN1|KV1.5;5043878;5046787;1_Build191127-2240m.1;GRCh38.p13;12;hg38;3,32E+12
348;2019-02-28T00:00:00.000Z;NC_000014;1;NG_011715;TGFB3;transforming growth factor beta 3;ARVD|LDS5|RNHF|ARVD1|TGF-beta3;75958060;75983010;1_Build191210-0005m.1;GRCh38.p13;14;hg38;3,32E+12
349;2019-02-28T00:00:00.000Z;NC_000015;1;NG_029497;DUT;deoxyuridine triphosphatase;dUTPase;48329990;48343372;1_Build191127-2240m.1;GRCh38.p13;15;hg38;3,32E+12
